MODEL,RMSE,MAE,MAPE,R2,Best_Epoch,Retrain_Epochs
ResidualMLP,5068.382582244557,3763.028076171875,5.635523,0.9261548,14,25
LSTM,12643.553298025045,9283.666015625,14.018777,0.54046154,15,25
Transformer,11062.94101945771,7194.80029296875,10.550522,0.64817655,57,68
Ensemble,9272.940849590274,6299.998046875,9.0179205,0.75281703,0,0
